"BROKEN","EPIC","FAILED","FEATURE","PASSED","SKIPPED","STORY","UNKNOWN"
"0","","0","","37","0","","0"
"0","Fase 1 — MVP Funcional","0","","4","0","#19 Encadenar carreras sin cerrar el programa","0"
"0","Fase 1 — MVP Funcional","0","","5","0","#17 Cambiar Estado a en_movimiento (0,05 €/s por tramo)","0"
"0","Fase 1 — MVP Funcional","0","","5","0","#18 Finalizar y mostrar el Importe con dos decimales","0"
"0","Fase 1 — MVP Funcional","0","","7","0","#16 Instrucciones al arrancar + iniciar Carrera en parada","0"
"0","Fase 2 — Observabilidad y Persistencia","0","","3","0","#5 Histórico de carreras del día para cuadrar caja","0"
"0","Fase 2 — Observabilidad y Persistencia","0","","2","0","#7 Cambiar tarifas por fichero de configuración","0"
"0","Integración — binario nativo","0","","1","0","Compilación y arranque","0"
"0","Fase 2 — Observabilidad y Persistencia","0","","2","0","#6 Logs de operación para diagnosticar errores","0"
"0","Integración — binario nativo","0","","1","0","Turno completo","0"
"0","Integración — binario nativo","0","","1","0","Persistencia","0"
