"DESCRIPTION","DURATION IN MS","NAME","PARENT SUITE","START TIME","STATUS","STOP TIME","SUB SUITE","SUITE","TEST CLASS","TEST METHOD"
"","2","AC: al arrancar muestra las instrucciones sin documentación externa","apps.taximetro_cli.tests","2026-09-28","passed","2026-09-28","","test_criterios_aceptacion","",""
"","1","AC: las tarifas se modifican editando un fichero externo","apps.taximetro_cli.tests","2026-09-28","passed","2026-09-28","","test_criterios_aceptacion","",""
"","0","AC: cambiar de Estado no detiene la acumulación ni la reinicia","apps.taximetro_cli.tests","2026-09-28","passed","2026-09-28","","test_criterios_aceptacion","",""
"","1","test_el_turno_completo_queda_en_la_bitacora","packages.taximetro.tests","2026-09-28","passed","2026-09-28","","test_bitacora_eventos","",""
"","0","AC: varias carreras consecutivas producen totales independientes","apps.taximetro_cli.tests","2026-09-28","passed","2026-09-28","","test_criterios_aceptacion","",""
"","1","test_historial_con_dia_mal_formado_avisa","apps.taximetro_cli.tests","2026-09-28","passed","2026-09-28","","test_repl","",""
"","0","test_cambiar_estado_cierra_el_tramo_y_abre_otro","packages.taximetro-ride.tests","2026-09-28","passed","2026-09-28","","test_carrera","",""
"","1","AC: el total es la suma exacta de todos los tramos","apps.taximetro_cli.tests","2026-09-28","passed","2026-09-28","","test_criterios_aceptacion","",""
"","1","AC: t1 s en parada + t2 s en movimiento = 0,02·t1 + 0,05·t2","apps.taximetro_cli.tests","2026-09-28","passed","2026-09-28","","test_criterios_aceptacion","",""
"","0","AC: sin tocar código ni redeployar para actualizar tarifas","apps.taximetro_cli.tests","2026-09-28","passed","2026-09-28","","test_criterios_aceptacion","",""
"","0","test_registrar_escribe_una_linea_json","packages.taximetro-log.tests","2026-09-28","passed","2026-09-28","","test_bitacora","",""
"","0","AC: el conductor puede indicar el estado en cada momento","apps.taximetro_cli.tests","2026-09-28","passed","2026-09-28","","test_criterios_aceptacion","",""
"","0","test_la_carrera_nace_en_parada_con_un_tramo_abierto","packages.taximetro-ride.tests","2026-09-28","passed","2026-09-28","","test_carrera","",""
"","0","test_los_eventos_se_acumulan_en_orden","packages.taximetro-log.tests","2026-09-28","passed","2026-09-28","","test_bitacora","",""
"","0","AC: el Importe parte de 0,00 € y se acumula de forma continua","apps.taximetro_cli.tests","2026-09-28","passed","2026-09-28","","test_criterios_aceptacion","",""
"","0","test_finalizar_cierra_el_ultimo_tramo_y_bloquea_la_carrera","packages.taximetro-ride.tests","2026-09-28","passed","2026-09-28","","test_carrera","",""
"","2","AC: un comando cierra la Carrera y muestra el Importe total","apps.taximetro_cli.tests","2026-09-28","passed","2026-09-28","","test_criterios_aceptacion","",""
"","0","test_leer_de_un_fichero_inexistente_es_vacio","packages.taximetro-log.tests","2026-09-28","passed","2026-09-28","","test_bitacora","",""
"","1","AC: ride emite CarreraFinalizada al cerrar","apps.taximetro_cli.tests","2026-09-28","passed","2026-09-28","","test_criterios_aceptacion","",""
"","1","test_finalizar_sin_carrera_avisa","apps.taximetro_cli.tests","2026-09-28","passed","2026-09-28","","test_repl","",""
"","0","test_finalizar_guarda_fecha_duracion_e_importe","packages.taximetro.tests","2026-09-28","passed","2026-09-28","","test_historico","",""
"","0","test_las_tarifas_vigentes_se_cargan_del_fichero_de_config","packages.taximetro.tests","2026-09-28","passed","2026-09-28","","test_servicio","",""
"","0","test_importe_en_curso_deriva_con_hasta","packages.taximetro-billing.tests","2026-09-28","passed","2026-09-28","","test_importe","",""
"","1","test_5s_parada_y_15s_movimiento_son_0_85","apps.taximetro_cli.tests","2026-09-28","passed","2026-09-28","","test_repl","",""
"","0","test_historial_de_un_dia_sin_carreras_avisa","apps.taximetro_cli.tests","2026-09-28","passed","2026-09-28","","test_repl","",""
"","0","test_las_tarifas_vigentes_se_cargan_del_fichero_de_config","packages.taximetro-billing.tests","2026-09-28","passed","2026-09-28","","test_importe","",""
"","0","test_encadenar_segunda_carrera_arranca_de_cero","packages.taximetro.tests","2026-09-28","passed","2026-09-28","","test_servicio","",""
"","0","AC: tras t segundos en parada, exactamente 0,02 × t €","apps.taximetro_cli.tests","2026-09-28","passed","2026-09-28","","test_criterios_aceptacion","",""
"","1","test_iniciar_arranca_en_parada_desde_0_00","packages.taximetro.tests","2026-09-28","passed","2026-09-28","","test_servicio","",""
"","0","AC: tras t segundos en parada, exactamente 0,02 × t €","apps.taximetro_cli.tests","2026-09-28","passed","2026-09-28","","test_criterios_aceptacion","",""
"","0","AC: ride emite CarreraIniciada al iniciar","apps.taximetro_cli.tests","2026-09-28","passed","2026-09-28","","test_criterios_aceptacion","",""
"","1","test_finalizar_muestra_el_total_y_vuelve_a_libre","apps.taximetro_cli.tests","2026-09-28","passed","2026-09-28","","test_repl","",""
"","0","AC: sin redondeo intermedio — un único redondeo al final","apps.taximetro_cli.tests","2026-09-28","passed","2026-09-28","","test_criterios_aceptacion","",""
"","2","test_al_arrancar_muestra_banner_e_instrucciones","apps.taximetro_cli.tests","2026-09-28","passed","2026-09-28","","test_repl","",""
"","63","test_encadena_carreras_en_la_misma_sesion","apps.taximetro_cli.tests","2026-09-28","passed","2026-09-28","","test_repl","",""
"","0","test_redondeo_unico_half_up","packages.taximetro-billing.tests","2026-09-28","passed","2026-09-28","","test_importe","",""
"","2","AC: el programa no se cierra entre carreras","apps.taximetro_cli.tests","2026-09-28","passed","2026-09-28","","test_criterios_aceptacion","",""
"","4304","El binario persiste histórico y bitácora en data/","apps.taximetro_cli.tests","2026-09-28","passed","2026-09-28","","test_integracion_binario","",""
"","0","AC: tras t segundos en parada, exactamente 0,02 × t €","apps.taximetro_cli.tests","2026-09-28","passed","2026-09-28","","test_criterios_aceptacion","",""
"","1","AC: un solo comando inicia la Carrera y cobra desde el arranque","apps.taximetro_cli.tests","2026-09-28","passed","2026-09-28","","test_criterios_aceptacion","",""
"","0","test_importe_5s_parada_15s_movimiento_son_0_85","packages.taximetro-billing.tests","2026-09-28","passed","2026-09-28","","test_importe","",""
"","0","AC: tras finalizar se puede iniciar otra Carrera de inmediato","apps.taximetro_cli.tests","2026-09-28","passed","2026-09-28","","test_criterios_aceptacion","",""
"","0","test_del_dia_filtra_solo_las_carreras_de_ese_dia","packages.taximetro.tests","2026-09-28","passed","2026-09-28","","test_historico","",""
"","1","AC: el total se muestra en euros con dos decimales","apps.taximetro_cli.tests","2026-09-28","passed","2026-09-28","","test_criterios_aceptacion","",""
"","1","test_iniciar_con_carrera_en_curso_avisa","apps.taximetro_cli.tests","2026-09-28","passed","2026-09-28","","test_repl","",""
"","189","test_los_errores_no_tumban_la_pantalla","apps.taximetro_cli.tests","2026-09-28","passed","2026-09-28","","test_tui","",""
"","0","test_repetir_el_estado_actual_no_abre_tramo","packages.taximetro-ride.tests","2026-09-28","passed","2026-09-28","","test_carrera","",""
"","0","test_finalizar_devuelve_el_importe_total_y_emite_evento","packages.taximetro.tests","2026-09-28","passed","2026-09-28","","test_servicio","",""
"","0","test_finalizar_o_cambiar_sin_carrera_es_error","packages.taximetro.tests","2026-09-28","passed","2026-09-28","","test_servicio","",""
"","1","AC: escritura incremental; disponible en la siguiente sesión","apps.taximetro_cli.tests","2026-09-28","passed","2026-09-28","","test_criterios_aceptacion","",""
"","2","AC: se registran arranque, cambios de estado, cierre y errores","apps.taximetro_cli.tests","2026-09-28","passed","2026-09-28","","test_criterios_aceptacion","",""
"","1","AC: cada nueva Carrera arranca con el acumulador a 0,00 €","apps.taximetro_cli.tests","2026-09-28","passed","2026-09-28","","test_criterios_aceptacion","",""
"","315","test_teclas_1_2_3_llevan_la_carrera_completa","apps.taximetro_cli.tests","2026-09-28","passed","2026-09-28","","test_tui","",""
"","4475","Un turno completo sobre el binario: iniciar, cambiar, finalizar","apps.taximetro_cli.tests","2026-09-28","passed","2026-09-28","","test_integracion_binario","",""
"","0","test_el_importe_corre_5s_parada_15s_movimiento","packages.taximetro.tests","2026-09-28","passed","2026-09-28","","test_servicio","",""
"","0","test_iniciar_arranca_en_parada_desde_0_00","apps.taximetro_cli.tests","2026-09-28","passed","2026-09-28","","test_repl","",""
"","115","test_el_puesto_del_conductor_arranca_libre","apps.taximetro_cli.tests","2026-09-28","passed","2026-09-28","","test_tui","",""
"","1","test_historial_muestra_las_carreras_del_dia_y_el_total","apps.taximetro_cli.tests","2026-09-28","passed","2026-09-28","","test_repl","",""
"","0","AC: ride emite EstadoCambiado en cada cambio","apps.taximetro_cli.tests","2026-09-28","passed","2026-09-28","","test_criterios_aceptacion","",""
"","0","AC: cada tramo aplica su tarifa (0,02 / 0,05 €/s)","apps.taximetro_cli.tests","2026-09-28","passed","2026-09-28","","test_criterios_aceptacion","",""
"","0","test_iniciar_con_carrera_en_curso_es_error","packages.taximetro.tests","2026-09-28","passed","2026-09-28","","test_servicio","",""
"","0","AC: log estructurado, accesible sin intervenir el proceso","apps.taximetro_cli.tests","2026-09-28","passed","2026-09-28","","test_criterios_aceptacion","",""
"","1","AC: al finalizar se guardan fecha, duración e importe permanentes","apps.taximetro_cli.tests","2026-09-28","passed","2026-09-28","","test_criterios_aceptacion","",""
"","0","test_el_json_persiste_y_recupera_en_una_sesion_nueva","packages.taximetro.tests","2026-09-28","passed","2026-09-28","","test_historico","",""
"","2","AC: se puede consultar el histórico del día para cuadrar caja","apps.taximetro_cli.tests","2026-09-28","passed","2026-09-28","","test_criterios_aceptacion","",""
"","1201","El binario compilado arranca la TUI del conductor","apps.taximetro_cli.tests","2026-09-28","passed","2026-09-28","","test_integracion_binario","",""
"","1","test_el_arranque_y_los_errores_quedan_en_la_bitacora","apps.taximetro_cli.tests","2026-09-28","passed","2026-09-28","","test_repl","",""
"","357","test_python_m_taximetro_cli_arranca_la_tui_no_el_repl","apps.taximetro_cli.tests","2026-09-28","passed","2026-09-28","","test_entrypoint","",""
